"person_id","item","score"
"P001","q01",1
"P001","q02",1
"P001","q03",1
"P001","q04",1
"P001","q05",1
"P001","q06",1
"P001","q07",1
"P001","q08",1
"P001","q09",1
"P001","q10",1
"P001","q11",1
"P001","q12",1
"P002","q01",0
"P002","q02",0
"P002","q03",0
"P002","q04",0
"P002","q05",0
"P002","q06",0
"P002","q07",0
"P002","q08",0
"P002","q09",0
"P002","q10",0
"P002","q11",0
"P002","q12",0
"P003","q01",1
"P003","q02",1
"P003","q03",1
"P003","q04",1
"P003","q05",1
"P003","q06",1
"P003","q07",1
"P003","q08",0
"P003","q09",1
"P003","q10",1
"P003","q11",0
"P003","q12",0
"P004","q01",1
"P004","q02",1
"P004","q03",1
"P004","q04",1
"P004","q05",1
"P004","q06",1
"P004","q07",0
"P004","q08",0
"P004","q09",0
"P004","q10",0
"P004","q11",0
"P004","q12",0
"P005","q01",1
"P005","q02",1
"P005","q03",1
"P005","q04",1
"P005","q05",1
"P005","q06",1
"P005","q07",0
"P005","q08",0
"P005","q09",1
"P005","q10",0
"P005","q11",0
"P005","q12",1
"P006","q01",0
"P006","q02",0
"P006","q03",1
"P006","q04",1
"P006","q05",0
"P006","q06",0
"P006","q07",0
"P006","q08",0
"P006","q09",0
"P006","q10",0
"P006","q11",0
"P006","q12",0
"P007","q01",1
"P007","q02",0
"P007","q03",1
"P007","q04",0
"P007","q05",1
"P007","q06",0
"P007","q07",0
"P007","q08",1
"P007","q09",0
"P007","q10",0
"P007","q11",0
"P007","q12",0
"P008","q01",1
"P008","q02",1
"P008","q03",0
"P008","q04",0
"P008","q05",1
"P008","q06",0
"P008","q07",0
"P008","q08",1
"P008","q09",0
"P008","q10",0
"P008","q11",0
"P008","q12",0
"P009","q01",1
"P009","q02",1
"P009","q03",1
"P009","q04",1
"P009","q05",1
"P009","q06",0
"P009","q07",0
"P009","q08",1
"P009","q09",1
"P009","q10",0
"P009","q11",1
"P009","q12",0
"P010","q01",1
"P010","q02",0
"P010","q03",0
"P010","q04",1
"P010","q05",1
"P010","q06",0
"P010","q07",0
"P010","q08",1
"P010","q09",0
"P010","q10",0
"P010","q11",0
"P010","q12",0
"P011","q01",0
"P011","q02",1
"P011","q03",1
"P011","q04",1
"P011","q05",1
"P011","q06",0
"P011","q07",0
"P011","q08",1
"P011","q09",0
"P011","q10",0
"P011","q11",0
"P011","q12",0
"P012","q01",1
"P012","q02",1
"P012","q03",0
"P012","q04",0
"P012","q05",1
"P012","q06",1
"P012","q07",0
"P012","q08",0
"P012","q09",1
"P012","q10",0
"P012","q11",1
"P012","q12",0
"P013","q01",1
"P013","q02",1
"P013","q03",0
"P013","q04",1
"P013","q05",1
"P013","q06",0
"P013","q07",1
"P013","q08",0
"P013","q09",1
"P013","q10",0
"P013","q11",0
"P013","q12",0
"P014","q01",1
"P014","q02",1
"P014","q03",1
"P014","q04",1
"P014","q05",1
"P014","q06",0
"P014","q07",1
"P014","q08",0
"P014","q09",0
"P014","q10",0
"P014","q11",0
"P014","q12",0
"P015","q01",0
"P015","q02",1
"P015","q03",1
"P015","q04",0
"P015","q05",0
"P015","q06",0
"P015","q07",0
"P015","q08",0
"P015","q09",0
"P015","q10",0
"P015","q11",0
"P015","q12",0
"P016","q01",1
"P016","q02",1
"P016","q03",1
"P016","q04",1
"P016","q05",1
"P016","q06",1
"P016","q07",1
"P016","q08",1
"P016","q09",0
"P016","q10",0
"P016","q11",1
"P016","q12",0
"P017","q01",1
"P017","q02",1
"P017","q03",1
"P017","q04",1
"P017","q05",1
"P017","q06",1
"P017","q07",1
"P017","q08",1
"P017","q09",0
"P017","q10",0
"P017","q11",0
"P017","q12",1
"P018","q01",1
"P018","q02",1
"P018","q03",1
"P018","q04",1
"P018","q05",0
"P018","q06",0
"P018","q07",0
"P018","q08",0
"P018","q09",0
"P018","q10",0
"P018","q11",0
"P018","q12",1
"P019","q01",0
"P019","q02",0
"P019","q03",1
"P019","q04",0
"P019","q05",1
"P019","q06",0
"P019","q07",1
"P019","q08",0
"P019","q09",0
"P019","q10",0
"P019","q11",0
"P019","q12",0
"P020","q01",1
"P020","q02",1
"P020","q03",1
"P020","q04",1
"P020","q05",1
"P020","q06",1
"P020","q07",0
"P020","q08",0
"P020","q09",0
"P020","q10",0
"P020","q11",0
"P020","q12",1
"P021","q01",1
"P021","q02",1
"P021","q03",1
"P021","q04",1
"P021","q05",0
"P021","q06",0
"P021","q07",0
"P021","q08",1
"P021","q09",1
"P021","q10",0
"P021","q11",1
"P021","q12",0
"P022","q01",1
"P022","q02",1
"P022","q03",1
"P022","q04",1
"P022","q05",1
"P022","q06",1
"P022","q07",0
"P022","q08",0
"P022","q09",0
"P022","q10",0
"P022","q11",0
"P022","q12",0
"P023","q01",0
"P023","q02",1
"P023","q03",0
"P023","q04",1
"P023","q05",0
"P023","q06",0
"P023","q07",0
"P023","q08",0
"P023","q09",0
"P023","q10",0
"P023","q11",0
"P023","q12",0
"P024","q01",1
"P024","q02",1
"P024","q03",1
"P024","q04",1
"P024","q05",1
"P024","q06",1
"P024","q07",1
"P024","q08",0
"P024","q09",1
"P024","q10",0
"P024","q11",0
"P024","q12",0
"P025","q01",1
"P025","q02",0
"P025","q03",1
"P025","q04",1
"P025","q05",0
"P025","q06",1
"P025","q07",0
"P025","q08",1
"P025","q09",0
"P025","q10",1
"P025","q11",1
"P025","q12",1
"P026","q01",1
"P026","q02",1
"P026","q03",0
"P026","q04",1
"P026","q05",1
"P026","q06",1
"P026","q07",1
"P026","q08",1
"P026","q09",1
"P026","q10",0
"P026","q11",1
"P026","q12",0
"P027","q01",1
"P027","q02",1
"P027","q03",1
"P027","q04",1
"P027","q05",1
"P027","q06",0
"P027","q07",1
"P027","q08",0
"P027","q09",1
"P027","q10",1
"P027","q11",0
"P027","q12",0
"P028","q01",1
"P028","q02",0
"P028","q03",1
"P028","q04",1
"P028","q05",0
"P028","q06",0
"P028","q07",1
"P028","q08",0
"P028","q09",0
"P028","q10",0
"P028","q11",0
"P028","q12",0
"P029","q01",1
"P029","q02",1
"P029","q03",1
"P029","q04",0
"P029","q05",1
"P029","q06",1
"P029","q07",0
"P029","q08",1
"P029","q09",0
"P029","q10",0
"P029","q11",1
"P029","q12",0
"P030","q01",1
"P030","q02",1
"P030","q03",1
"P030","q04",1
"P030","q05",1
"P030","q06",0
"P030","q07",0
"P030","q08",0
"P030","q09",0
"P030","q10",1
"P030","q11",1
"P030","q12",0
"P031","q01",1
"P031","q02",1
"P031","q03",1
"P031","q04",1
"P031","q05",1
"P031","q06",0
"P031","q07",0
"P031","q08",0
"P031","q09",0
"P031","q10",0
"P031","q11",0
"P031","q12",0
"P032","q01",1
"P032","q02",1
"P032","q03",1
"P032","q04",1
"P032","q05",0
"P032","q06",0
"P032","q07",0
"P032","q08",1
"P032","q09",0
"P032","q10",0
"P032","q11",0
"P032","q12",0
"P033","q01",1
"P033","q02",1
"P033","q03",0
"P033","q04",1
"P033","q05",1
"P033","q06",1
"P033","q07",1
"P033","q08",0
"P033","q09",0
"P033","q10",0
"P033","q11",0
"P033","q12",0
"P034","q01",NA
"P034","q02",1
"P034","q03",1
"P034","q04",1
"P034","q05",1
"P034","q06",1
"P034","q07",1
"P034","q08",0
"P034","q09",0
"P034","q10",1
"P034","q11",0
"P034","q12",1
"P035","q01",1
"P035","q02",1
"P035","q03",0
"P035","q04",1
"P035","q05",1
"P035","q06",0
"P035","q07",1
"P035","q08",0
"P035","q09",0
"P035","q10",1
"P035","q11",0
"P035","q12",0
"P036","q01",1
"P036","q02",1
"P036","q03",1
"P036","q04",1
"P036","q05",1
"P036","q06",1
"P036","q07",1
"P036","q08",1
"P036","q09",1
"P036","q10",1
"P036","q11",0
"P036","q12",0
"P037","q01",1
"P037","q02",1
"P037","q03",1
"P037","q04",1
"P037","q05",1
"P037","q06",1
"P037","q07",1
"P037","q08",1
"P037","q09",NA
"P037","q10",0
"P037","q11",0
"P037","q12",0
"P038","q01",1
"P038","q02",1
"P038","q03",0
"P038","q04",1
"P038","q05",1
"P038","q06",0
"P038","q07",1
"P038","q08",0
"P038","q09",0
"P038","q10",0
"P038","q11",0
"P038","q12",0
"P039","q01",0
"P039","q02",1
"P039","q03",1
"P039","q04",1
"P039","q05",1
"P039","q06",0
"P039","q07",1
"P039","q08",0
"P039","q09",0
"P039","q10",0
"P039","q11",0
"P039","q12",0
"P040","q01",1
"P040","q02",1
"P040","q03",1
"P040","q04",1
"P040","q05",0
"P040","q06",1
"P040","q07",1
"P040","q08",0
"P040","q09",0
"P040","q10",0
"P040","q11",0
"P040","q12",0
"P041","q01",1
"P041","q02",0
"P041","q03",0
"P041","q04",0
"P041","q05",1
"P041","q06",1
"P041","q07",1
"P041","q08",0
"P041","q09",0
"P041","q10",0
"P041","q11",1
"P041","q12",0
"P042","q01",1
"P042","q02",1
"P042","q03",1
"P042","q04",1
"P042","q05",0
"P042","q06",0
"P042","q07",1
"P042","q08",1
"P042","q09",0
"P042","q10",0
"P042","q11",0
"P042","q12",0
"P043","q01",1
"P043","q02",1
"P043","q03",0
"P043","q04",1
"P043","q05",0
"P043","q06",0
"P043","q07",0
"P043","q08",0
"P043","q09",0
"P043","q10",1
"P043","q11",0
"P043","q12",0
"P044","q01",1
"P044","q02",1
"P044","q03",0
"P044","q04",1
"P044","q05",1
"P044","q06",1
"P044","q07",0
"P044","q08",0
"P044","q09",0
"P044","q10",0
"P044","q11",0
"P044","q12",1
"P045","q01",1
"P045","q02",1
"P045","q03",0
"P045","q04",1
"P045","q05",0
"P045","q06",1
"P045","q07",0
"P045","q08",0
"P045","q09",0
"P045","q10",0
"P045","q11",0
"P045","q12",0
"P046","q01",1
"P046","q02",1
"P046","q03",1
"P046","q04",1
"P046","q05",1
"P046","q06",1
"P046","q07",1
"P046","q08",1
"P046","q09",1
"P046","q10",1
"P046","q11",1
"P046","q12",0
"P047","q01",1
"P047","q02",0
"P047","q03",1
"P047","q04",1
"P047","q05",1
"P047","q06",1
"P047","q07",0
"P047","q08",0
"P047","q09",0
"P047","q10",1
"P047","q11",1
"P047","q12",0
"P048","q01",NA
"P048","q02",1
"P048","q03",1
"P048","q04",1
"P048","q05",1
"P048","q06",0
"P048","q07",0
"P048","q08",1
"P048","q09",0
"P048","q10",0
"P048","q11",0
"P048","q12",0
"P049","q01",1
"P049","q02",1
"P049","q03",1
"P049","q04",1
"P049","q05",1
"P049","q06",0
"P049","q07",1
"P049","q08",0
"P049","q09",1
"P049","q10",0
"P049","q11",1
"P049","q12",1
"P050","q01",1
"P050","q02",1
"P050","q03",1
"P050","q04",NA
"P050","q05",1
"P050","q06",1
"P050","q07",1
"P050","q08",1
"P050","q09",0
"P050","q10",0
"P050","q11",1
"P050","q12",0
"P051","q01",0
"P051","q02",0
"P051","q03",0
"P051","q04",1
"P051","q05",1
"P051","q06",0
"P051","q07",0
"P051","q08",0
"P051","q09",0
"P051","q10",0
"P051","q11",0
"P051","q12",0
"P052","q01",1
"P052","q02",1
"P052","q03",1
"P052","q04",0
"P052","q05",1
"P052","q06",1
"P052","q07",1
"P052","q08",1
"P052","q09",0
"P052","q10",0
"P052","q11",0
"P052","q12",0
"P053","q01",1
"P053","q02",0
"P053","q03",1
"P053","q04",1
"P053","q05",0
"P053","q06",0
"P053","q07",0
"P053","q08",0
"P053","q09",0
"P053","q10",0
"P053","q11",0
"P053","q12",0
"P054","q01",1
"P054","q02",1
"P054","q03",1
"P054","q04",1
"P054","q05",0
"P054","q06",0
"P054","q07",1
"P054","q08",0
"P054","q09",NA
"P054","q10",1
"P054","q11",0
"P054","q12",0
"P055","q01",NA
"P055","q02",1
"P055","q03",1
"P055","q04",0
"P055","q05",0
"P055","q06",0
"P055","q07",0
"P055","q08",0
"P055","q09",1
"P055","q10",0
"P055","q11",0
"P055","q12",0
"P056","q01",1
"P056","q02",1
"P056","q03",1
"P056","q04",1
"P056","q05",1
"P056","q06",1
"P056","q07",0
"P056","q08",0
"P056","q09",0
"P056","q10",0
"P056","q11",0
"P056","q12",1
"P057","q01",1
"P057","q02",0
"P057","q03",0
"P057","q04",0
"P057","q05",1
"P057","q06",0
"P057","q07",0
"P057","q08",0
"P057","q09",0
"P057","q10",NA
"P057","q11",0
"P057","q12",0
"P058","q01",1
"P058","q02",1
"P058","q03",0
"P058","q04",1
"P058","q05",0
"P058","q06",0
"P058","q07",1
"P058","q08",0
"P058","q09",1
"P058","q10",1
"P058","q11",0
"P058","q12",0
"P059","q01",1
"P059","q02",1
"P059","q03",1
"P059","q04",0
"P059","q05",1
"P059","q06",1
"P059","q07",0
"P059","q08",1
"P059","q09",1
"P059","q10",1
"P059","q11",0
"P059","q12",0
"P060","q01",0
"P060","q02",0
"P060","q03",1
"P060","q04",0
"P060","q05",NA
"P060","q06",1
"P060","q07",1
"P060","q08",0
"P060","q09",1
"P060","q10",0
"P060","q11",0
"P060","q12",0
"P061","q01",1
"P061","q02",1
"P061","q03",1
"P061","q04",1
"P061","q05",1
"P061","q06",1
"P061","q07",0
"P061","q08",0
"P061","q09",0
"P061","q10",0
"P061","q11",0
"P061","q12",0
"P062","q01",1
"P062","q02",1
"P062","q03",1
"P062","q04",1
"P062","q05",0
"P062","q06",1
"P062","q07",1
"P062","q08",0
"P062","q09",1
"P062","q10",0
"P062","q11",0
"P062","q12",0
"P063","q01",1
"P063","q02",1
"P063","q03",0
"P063","q04",1
"P063","q05",1
"P063","q06",0
"P063","q07",1
"P063","q08",1
"P063","q09",0
"P063","q10",0
"P063","q11",0
"P063","q12",0
"P064","q01",1
"P064","q02",1
"P064","q03",1
"P064","q04",1
"P064","q05",1
"P064","q06",1
"P064","q07",1
"P064","q08",1
"P064","q09",0
"P064","q10",0
"P064","q11",0
"P064","q12",0
"P065","q01",0
"P065","q02",0
"P065","q03",1
"P065","q04",1
"P065","q05",0
"P065","q06",0
"P065","q07",0
"P065","q08",0
"P065","q09",0
"P065","q10",0
"P065","q11",0
"P065","q12",0
"P066","q01",1
"P066","q02",1
"P066","q03",1
"P066","q04",1
"P066","q05",0
"P066","q06",1
"P066","q07",1
"P066","q08",0
"P066","q09",0
"P066","q10",0
"P066","q11",0
"P066","q12",NA
"P067","q01",0
"P067","q02",0
"P067","q03",0
"P067","q04",0
"P067","q05",0
"P067","q06",1
"P067","q07",0
"P067","q08",0
"P067","q09",0
"P067","q10",0
"P067","q11",0
"P067","q12",0
"P068","q01",1
"P068","q02",1
"P068","q03",1
"P068","q04",1
"P068","q05",0
"P068","q06",1
"P068","q07",1
"P068","q08",1
"P068","q09",1
"P068","q10",0
"P068","q11",1
"P068","q12",1
"P069","q01",1
"P069","q02",1
"P069","q03",0
"P069","q04",0
"P069","q05",0
"P069","q06",1
"P069","q07",0
"P069","q08",0
"P069","q09",1
"P069","q10",0
"P069","q11",0
"P069","q12",0
"P070","q01",1
"P070","q02",1
"P070","q03",1
"P070","q04",1
"P070","q05",1
"P070","q06",NA
"P070","q07",1
"P070","q08",0
"P070","q09",0
"P070","q10",0
"P070","q11",0
"P070","q12",0
"P071","q01",1
"P071","q02",1
"P071","q03",1
"P071","q04",0
"P071","q05",1
"P071","q06",1
"P071","q07",1
"P071","q08",1
"P071","q09",0
"P071","q10",0
"P071","q11",1
"P071","q12",1
"P072","q01",1
"P072","q02",1
"P072","q03",0
"P072","q04",1
"P072","q05",0
"P072","q06",1
"P072","q07",1
"P072","q08",1
"P072","q09",0
"P072","q10",0
"P072","q11",0
"P072","q12",0
"P073","q01",1
"P073","q02",1
"P073","q03",1
"P073","q04",1
"P073","q05",1
"P073","q06",1
"P073","q07",1
"P073","q08",1
"P073","q09",1
"P073","q10",0
"P073","q11",0
"P073","q12",1
"P074","q01",1
"P074","q02",1
"P074","q03",1
"P074","q04",0
"P074","q05",0
"P074","q06",0
"P074","q07",0
"P074","q08",1
"P074","q09",0
"P074","q10",0
"P074","q11",0
"P074","q12",0
"P075","q01",1
"P075","q02",1
"P075","q03",1
"P075","q04",0
"P075","q05",1
"P075","q06",0
"P075","q07",1
"P075","q08",1
"P075","q09",1
"P075","q10",1
"P075","q11",1
"P075","q12",0
"P076","q01",0
"P076","q02",0
"P076","q03",1
"P076","q04",1
"P076","q05",1
"P076","q06",0
"P076","q07",0
"P076","q08",1
"P076","q09",0
"P076","q10",0
"P076","q11",0
"P076","q12",0
"P077","q01",1
"P077","q02",1
"P077","q03",1
"P077","q04",1
"P077","q05",1
"P077","q06",1
"P077","q07",1
"P077","q08",1
"P077","q09",1
"P077","q10",1
"P077","q11",1
"P077","q12",0
"P078","q01",1
"P078","q02",1
"P078","q03",1
"P078","q04",1
"P078","q05",1
"P078","q06",1
"P078","q07",1
"P078","q08",1
"P078","q09",1
"P078","q10",0
"P078","q11",0
"P078","q12",0
"P079","q01",0
"P079","q02",1
"P079","q03",0
"P079","q04",1
"P079","q05",1
"P079","q06",0
"P079","q07",1
"P079","q08",1
"P079","q09",0
"P079","q10",0
"P079","q11",1
"P079","q12",0
"P080","q01",1
"P080","q02",0
"P080","q03",1
"P080","q04",1
"P080","q05",1
"P080","q06",1
"P080","q07",1
"P080","q08",1
"P080","q09",0
"P080","q10",0
"P080","q11",0
"P080","q12",0
"P081","q01",1
"P081","q02",0
"P081","q03",0
"P081","q04",1
"P081","q05",1
"P081","q06",0
"P081","q07",0
"P081","q08",0
"P081","q09",0
"P081","q10",0
"P081","q11",0
"P081","q12",0
"P082","q01",1
"P082","q02",1
"P082","q03",1
"P082","q04",1
"P082","q05",1
"P082","q06",1
"P082","q07",1
"P082","q08",0
"P082","q09",1
"P082","q10",1
"P082","q11",0
"P082","q12",0
"P083","q01",1
"P083","q02",0
"P083","q03",0
"P083","q04",1
"P083","q05",0
"P083","q06",1
"P083","q07",0
"P083","q08",0
"P083","q09",0
"P083","q10",0
"P083","q11",0
"P083","q12",0
"P084","q01",1
"P084","q02",1
"P084","q03",0
"P084","q04",0
"P084","q05",0
"P084","q06",0
"P084","q07",0
"P084","q08",0
"P084","q09",0
"P084","q10",0
"P084","q11",0
"P084","q12",0
"P085","q01",1
"P085","q02",0
"P085","q03",1
"P085","q04",0
"P085","q05",0
"P085","q06",1
"P085","q07",1
"P085","q08",0
"P085","q09",0
"P085","q10",0
"P085","q11",0
"P085","q12",0
"P086","q01",1
"P086","q02",1
"P086","q03",1
"P086","q04",1
"P086","q05",1
"P086","q06",1
"P086","q07",1
"P086","q08",1
"P086","q09",1
"P086","q10",1
"P086","q11",1
"P086","q12",0
"P087","q01",1
"P087","q02",1
"P087","q03",1
"P087","q04",1
"P087","q05",1
"P087","q06",1
"P087","q07",1
"P087","q08",0
"P087","q09",0
"P087","q10",0
"P087","q11",0
"P087","q12",0
"P088","q01",1
"P088","q02",1
"P088","q03",1
"P088","q04",0
"P088","q05",1
"P088","q06",1
"P088","q07",0
"P088","q08",1
"P088","q09",1
"P088","q10",0
"P088","q11",0
"P088","q12",0
"P089","q01",1
"P089","q02",1
"P089","q03",1
"P089","q04",1
"P089","q05",1
"P089","q06",1
"P089","q07",1
"P089","q08",1
"P089","q09",1
"P089","q10",1
"P089","q11",0
"P089","q12",0
"P090","q01",1
"P090","q02",1
"P090","q03",1
"P090","q04",1
"P090","q05",1
"P090","q06",1
"P090","q07",1
"P090","q08",1
"P090","q09",1
"P090","q10",0
"P090","q11",1
"P090","q12",0
"P091","q01",1
"P091","q02",1
"P091","q03",0
"P091","q04",0
"P091","q05",0
"P091","q06",0
"P091","q07",0
"P091","q08",0
"P091","q09",0
"P091","q10",0
"P091","q11",0
"P091","q12",0
"P092","q01",1
"P092","q02",1
"P092","q03",1
"P092","q04",1
"P092","q05",1
"P092","q06",1
"P092","q07",1
"P092","q08",0
"P092","q09",0
"P092","q10",1
"P092","q11",0
"P092","q12",1
"P093","q01",1
"P093","q02",1
"P093","q03",0
"P093","q04",1
"P093","q05",1
"P093","q06",0
"P093","q07",0
"P093","q08",0
"P093","q09",0
"P093","q10",0
"P093","q11",0
"P093","q12",0
"P094","q01",1
"P094","q02",1
"P094","q03",1
"P094","q04",1
"P094","q05",1
"P094","q06",1
"P094","q07",0
"P094","q08",0
"P094","q09",0
"P094","q10",0
"P094","q11",1
"P094","q12",0
"P095","q01",1
"P095","q02",NA
"P095","q03",0
"P095","q04",0
"P095","q05",0
"P095","q06",0
"P095","q07",0
"P095","q08",0
"P095","q09",0
"P095","q10",0
"P095","q11",0
"P095","q12",0
"P096","q01",1
"P096","q02",1
"P096","q03",1
"P096","q04",1
"P096","q05",0
"P096","q06",0
"P096","q07",0
"P096","q08",0
"P096","q09",1
"P096","q10",0
"P096","q11",0
"P096","q12",0
"P097","q01",0
"P097","q02",1
"P097","q03",0
"P097","q04",0
"P097","q05",0
"P097","q06",0
"P097","q07",0
"P097","q08",0
"P097","q09",NA
"P097","q10",0
"P097","q11",0
"P097","q12",0
"P098","q01",0
"P098","q02",1
"P098","q03",1
"P098","q04",1
"P098","q05",1
"P098","q06",1
"P098","q07",1
"P098","q08",1
"P098","q09",1
"P098","q10",0
"P098","q11",0
"P098","q12",0
"P099","q01",1
"P099","q02",0
"P099","q03",1
"P099","q04",0
"P099","q05",0
"P099","q06",0
"P099","q07",0
"P099","q08",0
"P099","q09",0
"P099","q10",0
"P099","q11",0
"P099","q12",0
"P100","q01",1
"P100","q02",1
"P100","q03",1
"P100","q04",0
"P100","q05",1
"P100","q06",0
"P100","q07",1
"P100","q08",1
"P100","q09",0
"P100","q10",0
"P100","q11",0
"P100","q12",0
"P101","q01",1
"P101","q02",1
"P101","q03",1
"P101","q04",1
"P101","q05",1
"P101","q06",1
"P101","q07",0
"P101","q08",1
"P101","q09",0
"P101","q10",0
"P101","q11",0
"P101","q12",0
"P102","q01",1
"P102","q02",1
"P102","q03",1
"P102","q04",1
"P102","q05",1
"P102","q06",0
"P102","q07",0
"P102","q08",0
"P102","q09",0
"P102","q10",0
"P102","q11",0
"P102","q12",0
"P103","q01",1
"P103","q02",1
"P103","q03",0
"P103","q04",1
"P103","q05",1
"P103","q06",0
"P103","q07",0
"P103","q08",0
"P103","q09",0
"P103","q10",0
"P103","q11",0
"P103","q12",0
"P104","q01",1
"P104","q02",1
"P104","q03",1
"P104","q04",0
"P104","q05",1
"P104","q06",0
"P104","q07",0
"P104","q08",0
"P104","q09",0
"P104","q10",0
"P104","q11",0
"P104","q12",0
"P105","q01",1
"P105","q02",0
"P105","q03",1
"P105","q04",1
"P105","q05",1
"P105","q06",1
"P105","q07",1
"P105","q08",1
"P105","q09",1
"P105","q10",0
"P105","q11",0
"P105","q12",0
"P106","q01",1
"P106","q02",1
"P106","q03",1
"P106","q04",1
"P106","q05",1
"P106","q06",1
"P106","q07",1
"P106","q08",1
"P106","q09",0
"P106","q10",1
"P106","q11",0
"P106","q12",0
"P107","q01",1
"P107","q02",1
"P107","q03",0
"P107","q04",0
"P107","q05",0
"P107","q06",0
"P107","q07",0
"P107","q08",1
"P107","q09",0
"P107","q10",0
"P107","q11",0
"P107","q12",0
"P108","q01",1
"P108","q02",1
"P108","q03",1
"P108","q04",1
"P108","q05",1
"P108","q06",1
"P108","q07",1
"P108","q08",0
"P108","q09",1
"P108","q10",1
"P108","q11",1
"P108","q12",0
"P109","q01",0
"P109","q02",1
"P109","q03",0
"P109","q04",0
"P109","q05",0
"P109","q06",0
"P109","q07",0
"P109","q08",0
"P109","q09",0
"P109","q10",0
"P109","q11",0
"P109","q12",0
"P110","q01",1
"P110","q02",1
"P110","q03",1
"P110","q04",0
"P110","q05",1
"P110","q06",0
"P110","q07",1
"P110","q08",0
"P110","q09",0
"P110","q10",1
"P110","q11",0
"P110","q12",0
"P111","q01",1
"P111","q02",1
"P111","q03",1
"P111","q04",1
"P111","q05",1
"P111","q06",0
"P111","q07",0
"P111","q08",0
"P111","q09",0
"P111","q10",0
"P111","q11",0
"P111","q12",0
"P112","q01",1
"P112","q02",0
"P112","q03",1
"P112","q04",1
"P112","q05",0
"P112","q06",1
"P112","q07",0
"P112","q08",0
"P112","q09",0
"P112","q10",0
"P112","q11",0
"P112","q12",0
"P113","q01",1
"P113","q02",1
"P113","q03",1
"P113","q04",1
"P113","q05",1
"P113","q06",1
"P113","q07",0
"P113","q08",0
"P113","q09",0
"P113","q10",NA
"P113","q11",0
"P113","q12",0
"P114","q01",1
"P114","q02",1
"P114","q03",1
"P114","q04",0
"P114","q05",1
"P114","q06",1
"P114","q07",1
"P114","q08",0
"P114","q09",1
"P114","q10",0
"P114","q11",0
"P114","q12",0
"P115","q01",0
"P115","q02",1
"P115","q03",0
"P115","q04",1
"P115","q05",1
"P115","q06",1
"P115","q07",0
"P115","q08",0
"P115","q09",0
"P115","q10",0
"P115","q11",0
"P115","q12",0
"P116","q01",1
"P116","q02",0
"P116","q03",0
"P116","q04",1
"P116","q05",1
"P116","q06",1
"P116","q07",1
"P116","q08",0
"P116","q09",1
"P116","q10",1
"P116","q11",1
"P116","q12",0
"P117","q01",1
"P117","q02",1
"P117","q03",1
"P117","q04",1
"P117","q05",0
"P117","q06",0
"P117","q07",1
"P117","q08",0
"P117","q09",0
"P117","q10",0
"P117","q11",0
"P117","q12",0
"P118","q01",1
"P118","q02",1
"P118","q03",1
"P118","q04",1
"P118","q05",0
"P118","q06",1
"P118","q07",1
"P118","q08",0
"P118","q09",0
"P118","q10",1
"P118","q11",0
"P118","q12",0
"P119","q01",1
"P119","q02",1
"P119","q03",0
"P119","q04",1
"P119","q05",1
"P119","q06",1
"P119","q07",1
"P119","q08",0
"P119","q09",1
"P119","q10",0
"P119","q11",1
"P119","q12",0
"P120","q01",1
"P120","q02",0
"P120","q03",1
"P120","q04",0
"P120","q05",1
"P120","q06",0
"P120","q07",0
"P120","q08",0
"P120","q09",0
"P120","q10",0
"P120","q11",1
"P120","q12",0
"P121","q01",1
"P121","q02",1
"P121","q03",1
"P121","q04",1
"P121","q05",1
"P121","q06",1
"P121","q07",1
"P121","q08",1
"P121","q09",0
"P121","q10",1
"P121","q11",1
"P121","q12",1
"P122","q01",0
"P122","q02",1
"P122","q03",1
"P122","q04",1
"P122","q05",1
"P122","q06",1
"P122","q07",1
"P122","q08",1
"P122","q09",0
"P122","q10",0
"P122","q11",1
"P122","q12",1
"P123","q01",1
"P123","q02",1
"P123","q03",0
"P123","q04",0
"P123","q05",1
"P123","q06",1
"P123","q07",0
"P123","q08",0
"P123","q09",1
"P123","q10",0
"P123","q11",0
"P123","q12",0
"P124","q01",1
"P124","q02",1
"P124","q03",1
"P124","q04",1
"P124","q05",1
"P124","q06",1
"P124","q07",1
"P124","q08",0
"P124","q09",1
"P124","q10",1
"P124","q11",1
"P124","q12",0
"P125","q01",1
"P125","q02",0
"P125","q03",1
"P125","q04",0
"P125","q05",0
"P125","q06",0
"P125","q07",0
"P125","q08",0
"P125","q09",NA
"P125","q10",0
"P125","q11",0
"P125","q12",0
"P126","q01",1
"P126","q02",1
"P126","q03",1
"P126","q04",1
"P126","q05",0
"P126","q06",0
"P126","q07",1
"P126","q08",1
"P126","q09",1
"P126","q10",1
"P126","q11",0
"P126","q12",0
"P127","q01",1
"P127","q02",1
"P127","q03",0
"P127","q04",1
"P127","q05",1
"P127","q06",0
"P127","q07",0
"P127","q08",0
"P127","q09",0
"P127","q10",0
"P127","q11",1
"P127","q12",0
"P128","q01",1
"P128","q02",1
"P128","q03",0
"P128","q04",1
"P128","q05",1
"P128","q06",0
"P128","q07",0
"P128","q08",1
"P128","q09",0
"P128","q10",0
"P128","q11",0
"P128","q12",0
"P129","q01",1
"P129","q02",1
"P129","q03",1
"P129","q04",1
"P129","q05",1
"P129","q06",0
"P129","q07",0
"P129","q08",1
"P129","q09",0
"P129","q10",1
"P129","q11",0
"P129","q12",0
"P130","q01",1
"P130","q02",1
"P130","q03",1
"P130","q04",1
"P130","q05",1
"P130","q06",1
"P130","q07",1
"P130","q08",1
"P130","q09",0
"P130","q10",1
"P130","q11",0
"P130","q12",0
"P131","q01",1
"P131","q02",1
"P131","q03",1
"P131","q04",0
"P131","q05",1
"P131","q06",0
"P131","q07",1
"P131","q08",0
"P131","q09",0
"P131","q10",0
"P131","q11",0
"P131","q12",0
"P132","q01",1
"P132","q02",1
"P132","q03",1
"P132","q04",1
"P132","q05",1
"P132","q06",1
"P132","q07",1
"P132","q08",1
"P132","q09",1
"P132","q10",1
"P132","q11",0
"P132","q12",0
"P133","q01",1
"P133","q02",1
"P133","q03",1
"P133","q04",1
"P133","q05",1
"P133","q06",1
"P133","q07",1
"P133","q08",0
"P133","q09",1
"P133","q10",0
"P133","q11",1
"P133","q12",0
"P134","q01",1
"P134","q02",1
"P134","q03",1
"P134","q04",1
"P134","q05",1
"P134","q06",1
"P134","q07",0
"P134","q08",1
"P134","q09",0
"P134","q10",0
"P134","q11",0
"P134","q12",0
"P135","q01",NA
"P135","q02",1
"P135","q03",1
"P135","q04",1
"P135","q05",1
"P135","q06",1
"P135","q07",1
"P135","q08",1
"P135","q09",0
"P135","q10",0
"P135","q11",0
"P135","q12",0
"P136","q01",1
"P136","q02",1
"P136","q03",0
"P136","q04",1
"P136","q05",1
"P136","q06",1
"P136","q07",1
"P136","q08",0
"P136","q09",0
"P136","q10",0
"P136","q11",0
"P136","q12",0
"P137","q01",0
"P137","q02",0
"P137","q03",0
"P137","q04",1
"P137","q05",0
"P137","q06",0
"P137","q07",1
"P137","q08",0
"P137","q09",0
"P137","q10",0
"P137","q11",0
"P137","q12",0
"P138","q01",1
"P138","q02",1
"P138","q03",0
"P138","q04",1
"P138","q05",1
"P138","q06",1
"P138","q07",1
"P138","q08",1
"P138","q09",0
"P138","q10",0
"P138","q11",0
"P138","q12",0
"P139","q01",1
"P139","q02",NA
"P139","q03",0
"P139","q04",1
"P139","q05",1
"P139","q06",1
"P139","q07",NA
"P139","q08",1
"P139","q09",0
"P139","q10",1
"P139","q11",0
"P139","q12",0
"P140","q01",1
"P140","q02",1
"P140","q03",1
"P140","q04",1
"P140","q05",0
"P140","q06",0
"P140","q07",0
"P140","q08",1
"P140","q09",1
"P140","q10",0
"P140","q11",0
"P140","q12",0
"P141","q01",1
"P141","q02",1
"P141","q03",1
"P141","q04",0
"P141","q05",1
"P141","q06",0
"P141","q07",1
"P141","q08",0
"P141","q09",1
"P141","q10",0
"P141","q11",1
"P141","q12",1
"P142","q01",1
"P142","q02",1
"P142","q03",0
"P142","q04",1
"P142","q05",1
"P142","q06",1
"P142","q07",0
"P142","q08",1
"P142","q09",0
"P142","q10",0
"P142","q11",0
"P142","q12",0
"P143","q01",1
"P143","q02",NA
"P143","q03",1
"P143","q04",1
"P143","q05",1
"P143","q06",1
"P143","q07",1
"P143","q08",1
"P143","q09",1
"P143","q10",1
"P143","q11",1
"P143","q12",0
"P144","q01",0
"P144","q02",1
"P144","q03",0
"P144","q04",1
"P144","q05",0
"P144","q06",0
"P144","q07",1
"P144","q08",0
"P144","q09",0
"P144","q10",0
"P144","q11",0
"P144","q12",1
"P145","q01",1
"P145","q02",1
"P145","q03",1
"P145","q04",1
"P145","q05",NA
"P145","q06",1
"P145","q07",1
"P145","q08",1
"P145","q09",0
"P145","q10",1
"P145","q11",0
"P145","q12",1
"P146","q01",1
"P146","q02",1
"P146","q03",0
"P146","q04",0
"P146","q05",1
"P146","q06",0
"P146","q07",0
"P146","q08",0
"P146","q09",0
"P146","q10",0
"P146","q11",0
"P146","q12",0
"P147","q01",1
"P147","q02",1
"P147","q03",1
"P147","q04",0
"P147","q05",1
"P147","q06",0
"P147","q07",1
"P147","q08",0
"P147","q09",1
"P147","q10",0
"P147","q11",0
"P147","q12",0
"P148","q01",1
"P148","q02",0
"P148","q03",1
"P148","q04",1
"P148","q05",1
"P148","q06",1
"P148","q07",1
"P148","q08",1
"P148","q09",0
"P148","q10",1
"P148","q11",0
"P148","q12",0
"P149","q01",1
"P149","q02",0
"P149","q03",1
"P149","q04",0
"P149","q05",1
"P149","q06",1
"P149","q07",0
"P149","q08",1
"P149","q09",0
"P149","q10",0
"P149","q11",0
"P149","q12",0
"P150","q01",1
"P150","q02",0
"P150","q03",0
"P150","q04",0
"P150","q05",0
"P150","q06",0
"P150","q07",0
"P150","q08",0
"P150","q09",0
"P150","q10",0
"P150","q11",0
"P150","q12",0
"P151","q01",1
"P151","q02",1
"P151","q03",0
"P151","q04",1
"P151","q05",1
"P151","q06",0
"P151","q07",1
"P151","q08",1
"P151","q09",0
"P151","q10",0
"P151","q11",0
"P151","q12",0
"P152","q01",1
"P152","q02",1
"P152","q03",1
"P152","q04",1
"P152","q05",1
"P152","q06",0
"P152","q07",0
"P152","q08",1
"P152","q09",1
"P152","q10",0
"P152","q11",0
"P152","q12",0
"P153","q01",1
"P153","q02",1
"P153","q03",1
"P153","q04",1
"P153","q05",1
"P153","q06",1
"P153","q07",1
"P153","q08",0
"P153","q09",1
"P153","q10",0
"P153","q11",0
"P153","q12",1
"P154","q01",1
"P154","q02",1
"P154","q03",1
"P154","q04",1
"P154","q05",0
"P154","q06",1
"P154","q07",1
"P154","q08",1
"P154","q09",1
"P154","q10",0
"P154","q11",1
"P154","q12",0
"P155","q01",NA
"P155","q02",1
"P155","q03",0
"P155","q04",1
"P155","q05",0
"P155","q06",0
"P155","q07",1
"P155","q08",1
"P155","q09",0
"P155","q10",1
"P155","q11",0
"P155","q12",0
"P156","q01",1
"P156","q02",1
"P156","q03",1
"P156","q04",1
"P156","q05",1
"P156","q06",1
"P156","q07",1
"P156","q08",1
"P156","q09",1
"P156","q10",1
"P156","q11",0
"P156","q12",0
"P157","q01",1
"P157","q02",1
"P157","q03",1
"P157","q04",0
"P157","q05",0
"P157","q06",0
"P157","q07",1
"P157","q08",0
"P157","q09",0
"P157","q10",0
"P157","q11",0
"P157","q12",0
"P158","q01",0
"P158","q02",1
"P158","q03",0
"P158","q04",1
"P158","q05",1
"P158","q06",1
"P158","q07",1
"P158","q08",1
"P158","q09",0
"P158","q10",1
"P158","q11",0
"P158","q12",0
"P159","q01",1
"P159","q02",1
"P159","q03",1
"P159","q04",1
"P159","q05",1
"P159","q06",1
"P159","q07",1
"P159","q08",0
"P159","q09",1
"P159","q10",1
"P159","q11",0
"P159","q12",0
"P160","q01",1
"P160","q02",1
"P160","q03",1
"P160","q04",1
"P160","q05",1
"P160","q06",1
"P160","q07",0
"P160","q08",0
"P160","q09",0
"P160","q10",1
"P160","q11",1
"P160","q12",1
"P161","q01",1
"P161","q02",1
"P161","q03",1
"P161","q04",1
"P161","q05",0
"P161","q06",1
"P161","q07",1
"P161","q08",0
"P161","q09",1
"P161","q10",1
"P161","q11",1
"P161","q12",0
"P162","q01",0
"P162","q02",1
"P162","q03",0
"P162","q04",0
"P162","q05",0
"P162","q06",0
"P162","q07",1
"P162","q08",0
"P162","q09",0
"P162","q10",0
"P162","q11",0
"P162","q12",0
"P163","q01",0
"P163","q02",1
"P163","q03",0
"P163","q04",0
"P163","q05",0
"P163","q06",0
"P163","q07",1
"P163","q08",0
"P163","q09",0
"P163","q10",0
"P163","q11",0
"P163","q12",0
"P164","q01",1
"P164","q02",1
"P164","q03",1
"P164","q04",0
"P164","q05",1
"P164","q06",0
"P164","q07",0
"P164","q08",1
"P164","q09",0
"P164","q10",0
"P164","q11",1
"P164","q12",0
"P165","q01",1
"P165","q02",1
"P165","q03",1
"P165","q04",0
"P165","q05",1
"P165","q06",0
"P165","q07",1
"P165","q08",0
"P165","q09",0
"P165","q10",1
"P165","q11",0
"P165","q12",0
"P166","q01",1
"P166","q02",1
"P166","q03",0
"P166","q04",1
"P166","q05",1
"P166","q06",1
"P166","q07",1
"P166","q08",0
"P166","q09",0
"P166","q10",1
"P166","q11",0
"P166","q12",1
"P167","q01",1
"P167","q02",1
"P167","q03",1
"P167","q04",1
"P167","q05",1
"P167","q06",1
"P167","q07",1
"P167","q08",1
"P167","q09",1
"P167","q10",0
"P167","q11",0
"P167","q12",0
"P168","q01",1
"P168","q02",0
"P168","q03",1
"P168","q04",1
"P168","q05",1
"P168","q06",0
"P168","q07",0
"P168","q08",0
"P168","q09",0
"P168","q10",0
"P168","q11",0
"P168","q12",0
"P169","q01",1
"P169","q02",1
"P169","q03",0
"P169","q04",0
"P169","q05",1
"P169","q06",1
"P169","q07",0
"P169","q08",0
"P169","q09",0
"P169","q10",0
"P169","q11",0
"P169","q12",0
"P170","q01",1
"P170","q02",1
"P170","q03",1
"P170","q04",1
"P170","q05",0
"P170","q06",0
"P170","q07",0
"P170","q08",0
"P170","q09",0
"P170","q10",0
"P170","q11",0
"P170","q12",0
"P171","q01",1
"P171","q02",1
"P171","q03",0
"P171","q04",1
"P171","q05",0
"P171","q06",0
"P171","q07",1
"P171","q08",0
"P171","q09",0
"P171","q10",0
"P171","q11",1
"P171","q12",0
"P172","q01",1
"P172","q02",0
"P172","q03",0
"P172","q04",1
"P172","q05",1
"P172","q06",0
"P172","q07",1
"P172","q08",0
"P172","q09",1
"P172","q10",1
"P172","q11",1
"P172","q12",0
"P173","q01",1
"P173","q02",1
"P173","q03",1
"P173","q04",1
"P173","q05",1
"P173","q06",0
"P173","q07",1
"P173","q08",0
"P173","q09",1
"P173","q10",1
"P173","q11",0
"P173","q12",0
"P174","q01",1
"P174","q02",1
"P174","q03",0
"P174","q04",0
"P174","q05",1
"P174","q06",1
"P174","q07",NA
"P174","q08",1
"P174","q09",0
"P174","q10",0
"P174","q11",0
"P174","q12",0
"P175","q01",1
"P175","q02",1
"P175","q03",1
"P175","q04",1
"P175","q05",1
"P175","q06",0
"P175","q07",0
"P175","q08",0
"P175","q09",1
"P175","q10",1
"P175","q11",1
"P175","q12",0
"P176","q01",1
"P176","q02",1
"P176","q03",1
"P176","q04",1
"P176","q05",1
"P176","q06",1
"P176","q07",1
"P176","q08",0
"P176","q09",1
"P176","q10",1
"P176","q11",0
"P176","q12",0
"P177","q01",0
"P177","q02",0
"P177","q03",0
"P177","q04",0
"P177","q05",0
"P177","q06",0
"P177","q07",0
"P177","q08",0
"P177","q09",0
"P177","q10",0
"P177","q11",0
"P177","q12",0
"P178","q01",1
"P178","q02",1
"P178","q03",1
"P178","q04",1
"P178","q05",0
"P178","q06",1
"P178","q07",0
"P178","q08",1
"P178","q09",0
"P178","q10",0
"P178","q11",1
"P178","q12",0
"P179","q01",1
"P179","q02",1
"P179","q03",1
"P179","q04",1
"P179","q05",1
"P179","q06",1
"P179","q07",0
"P179","q08",1
"P179","q09",1
"P179","q10",0
"P179","q11",1
"P179","q12",0
"P180","q01",1
"P180","q02",1
"P180","q03",1
"P180","q04",1
"P180","q05",1
"P180","q06",0
"P180","q07",1
"P180","q08",1
"P180","q09",1
"P180","q10",0
"P180","q11",0
"P180","q12",0
"P181","q01",0
"P181","q02",1
"P181","q03",0
"P181","q04",1
"P181","q05",1
"P181","q06",0
"P181","q07",1
"P181","q08",0
"P181","q09",0
"P181","q10",0
"P181","q11",0
"P181","q12",0
"P182","q01",1
"P182","q02",1
"P182","q03",1
"P182","q04",1
"P182","q05",1
"P182","q06",0
"P182","q07",1
"P182","q08",0
"P182","q09",1
"P182","q10",0
"P182","q11",0
"P182","q12",0
"P183","q01",1
"P183","q02",0
"P183","q03",1
"P183","q04",1
"P183","q05",1
"P183","q06",0
"P183","q07",0
"P183","q08",1
"P183","q09",0
"P183","q10",0
"P183","q11",0
"P183","q12",0
"P184","q01",1
"P184","q02",1
"P184","q03",1
"P184","q04",1
"P184","q05",0
"P184","q06",1
"P184","q07",0
"P184","q08",1
"P184","q09",0
"P184","q10",0
"P184","q11",0
"P184","q12",1
"P185","q01",1
"P185","q02",1
"P185","q03",1
"P185","q04",0
"P185","q05",1
"P185","q06",1
"P185","q07",0
"P185","q08",0
"P185","q09",0
"P185","q10",1
"P185","q11",0
"P185","q12",0
"P186","q01",1
"P186","q02",1
"P186","q03",1
"P186","q04",1
"P186","q05",1
"P186","q06",0
"P186","q07",0
"P186","q08",0
"P186","q09",0
"P186","q10",0
"P186","q11",0
"P186","q12",0
"P187","q01",1
"P187","q02",1
"P187","q03",1
"P187","q04",1
"P187","q05",1
"P187","q06",NA
"P187","q07",1
"P187","q08",1
"P187","q09",NA
"P187","q10",0
"P187","q11",1
"P187","q12",1
"P188","q01",1
"P188","q02",1
"P188","q03",1
"P188","q04",1
"P188","q05",1
"P188","q06",1
"P188","q07",1
"P188","q08",1
"P188","q09",1
"P188","q10",1
"P188","q11",1
"P188","q12",0
"P189","q01",1
"P189","q02",1
"P189","q03",1
"P189","q04",1
"P189","q05",1
"P189","q06",1
"P189","q07",0
"P189","q08",0
"P189","q09",1
"P189","q10",0
"P189","q11",0
"P189","q12",0
"P190","q01",1
"P190","q02",1
"P190","q03",1
"P190","q04",NA
"P190","q05",0
"P190","q06",0
"P190","q07",1
"P190","q08",0
"P190","q09",1
"P190","q10",0
"P190","q11",0
"P190","q12",0
"P191","q01",1
"P191","q02",1
"P191","q03",1
"P191","q04",1
"P191","q05",1
"P191","q06",1
"P191","q07",0
"P191","q08",0
"P191","q09",1
"P191","q10",1
"P191","q11",0
"P191","q12",1
"P192","q01",1
"P192","q02",1
"P192","q03",1
"P192","q04",1
"P192","q05",0
"P192","q06",1
"P192","q07",0
"P192","q08",0
"P192","q09",1
"P192","q10",0
"P192","q11",0
"P192","q12",1
"P193","q01",1
"P193","q02",1
"P193","q03",1
"P193","q04",1
"P193","q05",1
"P193","q06",1
"P193","q07",1
"P193","q08",1
"P193","q09",0
"P193","q10",1
"P193","q11",0
"P193","q12",0
"P194","q01",1
"P194","q02",1
"P194","q03",1
"P194","q04",1
"P194","q05",1
"P194","q06",1
"P194","q07",1
"P194","q08",1
"P194","q09",1
"P194","q10",0
"P194","q11",1
"P194","q12",0
"P195","q01",1
"P195","q02",1
"P195","q03",1
"P195","q04",1
"P195","q05",1
"P195","q06",0
"P195","q07",0
"P195","q08",0
"P195","q09",0
"P195","q10",0
"P195","q11",0
"P195","q12",0
"P196","q01",1
"P196","q02",1
"P196","q03",1
"P196","q04",1
"P196","q05",0
"P196","q06",1
"P196","q07",1
"P196","q08",1
"P196","q09",0
"P196","q10",0
"P196","q11",0
"P196","q12",1
"P197","q01",1
"P197","q02",0
"P197","q03",1
"P197","q04",1
"P197","q05",0
"P197","q06",1
"P197","q07",0
"P197","q08",1
"P197","q09",0
"P197","q10",0
"P197","q11",0
"P197","q12",0
"P198","q01",0
"P198","q02",0
"P198","q03",1
"P198","q04",1
"P198","q05",1
"P198","q06",0
"P198","q07",0
"P198","q08",0
"P198","q09",0
"P198","q10",0
"P198","q11",0
"P198","q12",0
"P199","q01",1
"P199","q02",1
"P199","q03",1
"P199","q04",0
"P199","q05",0
"P199","q06",0
"P199","q07",0
"P199","q08",1
"P199","q09",NA
"P199","q10",0
"P199","q11",0
"P199","q12",0
"P200","q01",0
"P200","q02",1
"P200","q03",1
"P200","q04",1
"P200","q05",1
"P200","q06",0
"P200","q07",0
"P200","q08",1
"P200","q09",1
"P200","q10",1
"P200","q11",0
"P200","q12",0
